Business,Website,Contact Name,Contact (email / LinkedIn / IG),Source,Issue Spotted (your hook),Best-fit Service,Status,Date Contacted,Follow-up Date,Notes
Azada Beauty,azadabeauty.com,Owner (via forum),Shopify Community thread /t/.../658282,Shopify Community – owner asked for feedback,"Review images blank in ""From our customers"" - 11 broken images (screenshot-confirmed 8/27)",Store polish / bug fix,To contact,,,Runs Meta ads to mobile — broken images = wasted ad spend. Teardown ready. VERIFY broken images vs screenshot before sending. | RE-VERIFIED 2026-08-27 - see outreach-drafts.md
Lylo Watches,lylowatches.com,Owner (via forum),Shopify Community thread /t/i-need-honest-feedback-on-my-brand-store/646492,Shopify Community – owner asked for feedback,"Expired promo live sitewide: ""Summer Flash Sale 25% Off - Ends 8/26"" (+ older ""Ends 7/29"")",Store polish / Care Plan,To contact,,,Hot lead — owner openly worried sales fell off. Teardown ready. | RE-VERIFIED 2026-08-27 - see outreach-drafts.md
Art For Light,artforlight.shop,Owner (via forum),Shopify Community thread /t/honest-feedback-needed-for-my-first-shopify-jewelry-store/646775,Shopify Community – owner asked for feedback,NO VERIFIED HOOK - store is clean as of 8/27; needs manual look first,Hold / manual check,To contact,,,Handmade jewelry; trust/UX fixes. Teardown ready. | RE-VERIFIED 2026-08-27 - see outreach-drafts.md
KASH ERA,kasheraapparel.myshopify.com,Owner (via forum),Shopify Community thread /t/building-a-premium-streetwear-brand-need-real-feedback-before-i-scale-kash-era/600005,Shopify Community – owner asked for feedback,Still on default myshopify.com domain + no favicon (curl-confirmed 8/27),Store Launch / domain + polish,To contact,,,Wants to feel premium before scaling ads. Teardown ready. | RE-VERIFIED 2026-08-27 - see outreach-drafts.md
Omicove,omicove.com,(no name),omicovespprt@gmail.com,New-stores directory (cold),No meta description + 2 H1s + JS error (curl-confirmed 8/27),SEO Tune-up,Sent,2026-08-01,2026-08-04,Women's grooming devices. Colder lead. Teardown ready. SENT 8/1 — follow up 8/4. | RE-VERIFIED 2026-08-27 - see outreach-drafts.md
Luna Goods,lunagoods.nl,(no name),info@lunagoods.nl,New-stores directory (cold),No meta description + no favicon + 2 H1s (curl-confirmed 8/27),SEO / store polish,Sent,2026-08-01,2026-08-04,Dutch women's fashion — consider messaging in Dutch. Teardown ready. SENT 8/1 — follow up 8/4. | RE-VERIFIED 2026-08-27 - see outreach-drafts.md
[Example] Bayside Dental,baysidedental.com.au,Dr. Lee,reception@baysidedental.com.au,Google Maps – dentists Sydney,Not mobile-friendly + no online booking,Website (Site Sprint),To contact,,,Looks ~5 yrs old
[Example] Leaf & Bean Co,leafandbean.myshopify.com,Mara,@leafandbean (IG),Instagram – new coffee brands,New store on default theme + slow,Online Store + Care Plan,To contact,,,DM via IG
[Example] TaskFlow (founder),,Sam,linkedin.com/in/sam-example,"Indie Hackers – ""looking for a dev""",Wants an MVP built; no technical co-founder,Web App Build,To contact,,,Posted asking for help
